vendor,title,description,content,url,published,source
Cisco,NY native Andre Cisco opens up to The Post about why 'special' first Jets game will honor late dad,"New Jets safety Andre Cisco, a Queens native who signed with Gang Green this offseason after four seasons with the Jaguars, tackles some training camp Q&A with Post columnist Steve Serby.","New Jets safety Andre Cisco, a Valley Stream, L.I. native who signed with Gang Green this offseason after four seasons with the Jaguars, tackles some training camp Q&A with Post columnist Steve Serby.
Q: Describe Aaron Glenn’s style of accountability... [13521 chars]",https://nypost.com/2025/07/26/sports/queens-native-andre-cisco-opens-up-to-the-post-about-why-special-first-jets-game-will-honor-late-dad/,2025-07-26 18:17:37+00:00,New York Post
Cisco,Andre Cisco impressing at Jets camp after signing one-year deal,"Safety Andre Cisco picked off Tyrod Taylor in the end zone on the final play of practice after the offense marched down the field during a two-minute drill. Cisco, who has eight career interceptions and signed a one-year deal with the Jets, also broke up a pass intended for tight end Mason Taylor in another team drill.","Observations from the Jets’ training camp practice on Friday.
Andre Rising
Safety Andre Cisco picked off Tyrod Taylor in the end zone on the final play of practice after the offense marched down the field during a two-minute drill. Cisco, who has eig... [1574 chars]",https://nypost.com/2025/07/25/sports/andre-cisco-impressing-at-jets-camp-after-signing-one-year-deal/,2025-07-26 01:26:16+00:00,New York Post
Microsoft,Microsoft dubs latest Windows 11 release the most reliable version ever,You can expect up to 24% less unexpected restarts and crashes on your Windows PC when you update to Windows 11 version 24H2.,"Microsoft has revealed that Windows 11 version 24H2 is now the most reliable version of Windows ever made, with unexpected restarts at an all time low compared to the latest version of Windows 10. In a blog post detailing the latest changes coming to... [3865 chars]",https://www.windowscentral.com/microsoft/windows-11/microsoft-says-windows-11-version-24h2-most-reliable-os-ever,2025-07-28 14:38:12+00:00,Windows Central
Microsoft,Hollow Knight Silksong Demo Will Be Playable At Gamescom,"No, this isn't a wild rumor, but a thing Microsoft has actually said is happening","The industry’s most elusive game, Hollow Knight: Silksong, is not only going to appear at Microsoft’s booth at this year’s massive Gamescom gaming show, but also be playable for the public. Which is by far the strongest sign this game actually exists... [2570 chars]",https://kotaku.com/hollow-knight-silksong-xbox-rog-ally-gamescom-demo-1851787121,2025-07-28 14:17:40+00:00,Kotaku
Microsoft,"Most people can’t spot AI photos, Microsoft finds","Microsoft’s “Real or Not” quiz shows humans can barely detect AI images, averaging just 62% accuracy.","This image, which was created by Midjourney and shared by TechRadar, illustrates how an AI-generated photograph can appear real at first glance.
Identifying AI-generated or modified images will become increasingly important as tools to create content... [3929 chars]",https://www.windowscentral.com/artificial-intelligence/only-slightly-better-than-a-coin-flip-most-people-can-be-fooled-by-ai-images-think-you-can-do-better,2025-07-28 13:45:02+00:00,Windows Central
Microsoft,Xbox will let you play Silksong at Gamescom in August,Microsoft is bringing Silksong to its Xbox booth at Gamescom in August. Silksong will be playable on new ROG Xbox Ally handheld devices.,"is a senior editor and author of Notepad , who has been covering all things Microsoft, PC, and tech for over 20 years.
Microsoft will let Gamescom attendees play a demo of the long-awaited Hollow Knight: Silksong on the new ROG Xbox Ally handhelds. I... [1171 chars]",https://www.theverge.com/news/714490/xbox-gamescom-silksong-playable-demo-xbox-ally-handheld,2025-07-28 13:29:58+00:00,The Verge
Microsoft,TikTok owners' take on VS Code looks to be phoning home a lot,"ByteDance, best known in the west for TikTok, has a new AI-infused code editor forked from Microsoft's Visual Studio Code. Shockingly (or not) it seems it might well be phoning home quite a lot, even if you turn off telemetry.","Trae looks a lot like Visual Studio Code, operates a lot like it, but could be hiding how much it's communicating with ByteDance.
You're probably familiar with Microsoft's Visual Studio Code (VS Code), but did you know about Trae? It's a fork of VS C... [3515 chars]",https://www.windowscentral.com/software-apps/tiktoks-owner-forked-microsofts-visual-studio-code-and-there-are-concerns,2025-07-28 12:21:17+00:00,Windows Central
Microsoft,Microsoft admits it would have to let Trump spy on EU data if demanded,Microsoft says it can't promise data sovereignty for EU firms,"Microsoft is legally obliged to comply with the US Cloud Act
It means the US government can ask to see any data, including sovereign clouds
Only companies outside of US jurisdiction, or private encryption keys, are exempt
Microsoft has admitted it ca... [2391 chars]",https://www.techradar.com/pro/microsoft-admits-it-would-have-to-let-trump-spy-on-eu-data-if-demanded,2025-07-28 12:10:00+00:00,TechRadar
Microsoft,Windows 11 widgets are getting an AI glow-up,"Microsoft tests Copilot Discover, a cleaner, smarter alternative to the MSN feed.","All these stories still take you to the MSN website, though, so it's just the feed itself that has been tweaked and replaced with Copilot Discover.
Receive the latest mobile news Subscribe By subscribing you agree to our terms and conditions and priv... [3946 chars]",https://www.phonearena.com/news/windows-11-widgets-are-getting-an-ai-glow-up_id172682,2025-07-28 11:49:49+00:00,PhoneArena
Microsoft,"TCS Enters The Tech Layoff Wave With Microsoft, Intel - AI Or Attrition To Blame?","Tech Layoffs 2025: The global tech industry is undergoing a massive shake-up. In just the first half of 2025, over 94,000 tech workers have lost their jobs","TCS Enters The Tech Layoff Wave With Microsoft, Intel – AI Or Attrition To Blame?
Curated By :
News18.com
Last Updated: July 28, 2025, 16:47 IST
Tech Layoffs 2025: The global tech industry is undergoing a massive shake-up. In just the first half of 2... [5261 chars]",https://www.news18.com/business/economy/tech-jobs-cuts-tcs-intel-microsoft-meta-layoffs-2025-ai-attrition-9468097.html,2025-07-28 11:17:58+00:00,News18
Microsoft,The Surface Laptop finally got what many have been begging for,Microsoft’s latest laptop lets you leave Wi-Fi behind.,But what really sets this machine apart is the antenna system. Microsoft engineered a custom six-antenna setup that adapts in real time to how you're using the laptop. Instead of placing antennas near the base (where your legs or surfaces might block... [5669 chars],https://www.phonearena.com/news/surface-laptop-finally-got-what-many-have-been-begging-for_id172677,2025-07-28 11:00:18+00:00,PhoneArena
Microsoft,AI Noose Tightens,"Microsoft laid off 15,000 jobs, apart from 2,000 staff who were deemed underperformers, in 2025 alone","Artificial Intelligence is gradually spreading its presence across the tech sector. Several tech giants, including Microsoft and India-based Tata Consultancy Services, had claimed of investing heavily in AI. Citing their unprecedented investment in A... [2221 chars]",https://www.deccanchronicle.com/southern-states/telangana/ai-noose-tightens-on-jobs-will-employees-adapt-tonewnormal-1894154,2025-07-28 09:16:00+00:00,Deccan Chronicle
Amazon Web Services,ICICI Lombard and AWS Implement Automated Disaster Recovery Setup in Hyderabad,"ICICI Lombard has partnered with Amazon Web Services (AWS) to complete a cross-region disaster recovery (DR) upgrade, moving its secondary setup from AWS’s Mumbai region to the Hyderabad region. The shift ensures continued access to critical applications in the event of service disruption, with automated failover and real-time validation.","ICICI Lombard has partnered with Amazon Web Services (AWS) to complete a cross-region disaster recovery (DR) upgrade, moving its secondary setup from AWS’s Mumbai region to the Hyderabad region. The shift ensures continued access to critical applicat... [1888 chars]",https://analyticsindiamag.com/ai-news-updates/icici-lombard-and-aws-implement-automated-disaster-recovery-setup-in-hyderabad/,2025-07-28 09:22:34+00:00,Analytics India Magazine
